<?xml version="1.0" encoding="UTF-8"?>
<gresources>
  <gresource prefix="/org/gnome/gitg/gtk/diff-view">
    <file compressed="true">diff-view.html</file>
    <file compressed="true">diff-view.js</file>
    <file compressed="true">diff-view-html-builder.js</file>
    <file compressed="true">diff-view.css</file>
    <file compressed="true">jquery-2.0.3.min.js</file>
    <file compressed="true">avatar.png</file>
  </gresource>
  <gresource prefix="/org/gnome/gitg/gtk">
    <file compressed="true" preprocess="xml-stripblanks">gitg-repository-list-box-row.ui</file>
  </gresource>
  <gresource prefix="/org/gnome/gitg/gtk/sidebar">
    <file compressed="true">sidebar-view.ui</file>
  </gresource>
</gresources>

<!-- ex: et ts=2 -->
