<?xml version="1.0" encoding="UTF-8"?>

<glade-catalog name="gitg">
  <glade-widget-classes>
    <glade-widget-class name="GitgWindow" title="GitgWindow" generic-name="gitgwindow" parent="GtkWindow"/>
    <glade-widget-class name="GitgExtNavigationTreeView" title="GitgExtNavigationTreeView" generic-name="gitgextnavigationtreeView" parent="GtkTreeView"/>
    <glade-widget-class name="GitgAutohideFrame" title="GitgAutohideFrame" generic-name="gitgautohideframe" parent="GtkFrame"/>
    <glade-widget-class name="GitgPreferencesDialog" title="GitgPreferencesDialog" generic-name="gitgpreferencesdialog" parent="GtkDialog"/>
  </glade-widget-classes>

  <glade-widget-group name="gitg" title="gitg">
  </glade-widget-group>
</glade-catalog>
