<?xml version="1.0" encoding="UTF-8"?>
<gresources>
  <gresource prefix="/org/gnome/gitg">
    <file compressed="true" preprocess="xml-stripblanks">ui/gitg-window.ui</file>
    <file compressed="true" preprocess="xml-stripblanks">ui/gitg-menus.ui</file>
    <file compressed="true" preprocess="xml-stripblanks">ui/gitg-preferences-history.ui</file>
    <file compressed="true" preprocess="xml-stripblanks">ui/gitg-preferences-commit.ui</file>

    <file compressed="true" preprocess="xml-stripblanks">ui/gitg-preferences-interface.ui</file>
    <file compressed="true" preprocess="xml-stripblanks">ui/gitg-preferences.ui</file>
    <file compressed="true" preprocess="xml-stripblanks">ui/gitg-clone-dialog.ui</file>
    <file compressed="true" preprocess="xml-stripblanks">ui/gitg-author-details-dialog.ui</file>
    <file compressed="true" preprocess="xml-stripblanks">ui/gitg-history-paned.ui</file>
    <file compressed="true" preprocess="xml-stripblanks">ui/gitg-commit-paned.ui</file>
    <file compressed="true" preprocess="xml-stripblanks">ui/gitg-commit-dialog.ui</file>
    <file compressed="true">ui/style.css</file>
  </gresource>
</gresources>

<!-- ex: et ts=2 -->
